{
 "n": 48,
 "n_steps": 120,
 "n_z": 12,
 "n_iters": 200,
 "psnr_blind": 8.356665264250632,
 "psnr_ours": 8.985812492880394,
 "gain_db": 0.6291472286297619,
 "wall_blind": 0.042938232421875,
 "wall_ours": 30.475752115249634
}