{
 "cases": [
  {
   "K": 2.0,
   "dn": 0.002,
   "name": "low-K",
   "kogelnik": 0.20176597983865538,
   "rcwa_t0": 0.7411719560623169,
   "rcwa_t1": 0.21367095410823822,
   "abs_deviation": 0.011904974269582841
  },
  {
   "K": 6.0,
   "dn": 0.002,
   "name": "mid-K",
   "kogelnik": 0.20457122482583093,
   "rcwa_t0": 0.7208413481712341,
   "rcwa_t1": 0.16646793484687805,
   "abs_deviation": 0.038103289978952876
  },
  {
   "K": 12.0,
   "dn": 0.001,
   "name": "high-K",
   "kogelnik": 0.056897465029803376,
   "rcwa_t0": 0.8356072306632996,
   "rcwa_t1": 0.04821796715259552,
   "abs_deviation": 0.008679497877207856
  }
 ],
 "max_abs_deviation": 0.038103289978952876
}